ann_id,title,body,published_at
a01,網站測試維護通知,"本站資料庫定期由課程腳本重新產生,學員可放心重複練習。近期已針對測站資料表的欄位命名進行文件補充說明。本站不提供任何真實交易或會員服務,純粹作為程式練習環境。本站為教學示範用途的沙盒氣象站,所有資料僅供課程練習使用。本站資料庫定期由課程腳本重新產生,學員可放心重複練習。",2025-04-17
a02,系統升級公告,"公告內容由課程講師團隊統一撰寫,供學員練習列表與詳情頁爬取。本站頁尾皆標示教學沙盒身分,提醒使用情境。本站不提供任何真實交易或會員服務,純粹作為程式練習環境。本站所有頁面皆遵守 robots.txt 規範,歡迎依禮貌原則進行爬蟲練習。",2025-09-27
a03,新增留言功能公告,"留言與公告皆屬課程合成資料,僅供分析與爬蟲流程練習。本站頁尾皆標示教學沙盒身分,提醒使用情境。本次公告亦提醒學員留意合成語料與真實資料的差異。本次資料回補涵蓋 2023 年至 2025 年區間,提供更完整的練習素材。本站資料每次重新產生時皆會保持相同的隨機種子,方便重複驗證。本次版面調整僅涉及顯示排版,資料欄位定義維持不變。",2024-08-18
a04,資料回補完成公告,"分頁功能已確認每頁固定顯示五十筆資料,方便練習翻頁邏輯。後續仍會持續依課程進度更新沙盒站內容,敬請期待。近期新增之留言資料為程式生成之合成內容,並非真實網友留言。歷史天氣資料來源為 Open-Meteo 公開歷史氣象 API。",2025-10-11
a05,網站介面調整說明,"系統已針對頁面載入速度進行例行檢查,目前運作正常。本次公告為教學情境模擬,內容不代表任何真實機關立場。本站不會出現需要登入或付費才能瀏覽的內容。本次公告亦提醒學員留意合成語料與真實資料的差異。本公告列表與詳情頁面專供列表轉詳情的爬蟲教學情境使用。",2024-09-30
a06,例行資料更新公告,"本站所有頁面皆遵守 robots.txt 規範,歡迎依禮貌原則進行爬蟲練習。感謝各位學員在練習過程中提出的寶貴意見與回報。沙盒站的星等評分僅為 1 至 5 的示範數值,不代表實際服務品質。感謝大家共同維護良好的練習風氣,請勿將本站生成之合成資料當作真實言論外流。",2024-03-17
a07,留言規範提醒,"本次資料回補涵蓋 2023 年至 2025 年區間,提供更完整的練習素材。本站不提供任何真實交易或會員服務,純粹作為程式練習環境。感謝大家共同維護良好的練習風氣,請勿將本站生成之合成資料當作真實言論外流。歷史天氣資料來源為 Open-Meteo 公開歷史氣象 API。",2024-04-29
a08,測站清單校正公告,"本站所有頁面皆遵守 robots.txt 規範,歡迎依禮貌原則進行爬蟲練習。公告內容由課程講師團隊統一撰寫,供學員練習列表與詳情頁爬取。測試期間如發現資料顯示異常,可回報課程講師協助排查。本站資料庫定期由課程腳本重新產生,學員可放心重複練習。若練習過程中遇到頁面錯誤,歡迎截圖回報以利課程改進。",2025-06-17
a09,API 服務調整公告,"系統已針對頁面載入速度進行例行檢查,目前運作正常。本站為教學示範用途的沙盒氣象站,所有資料僅供課程練習使用。本次公告亦提醒學員留意合成語料與真實資料的差異。近期新增之留言資料為程式生成之合成內容,並非真實網友留言。本次版面調整僅涉及顯示排版,資料欄位定義維持不變。本站不提供任何真實交易或會員服務,純粹作為程式練習環境。歷史天氣資料來源為 Open-Meteo 公開歷史氣象 API。",2025-08-19
a10,使用者意見回饋整理,"測試期間如發現資料顯示異常,可回報課程講師協助排查。本次公告亦提醒學員留意合成語料與真實資料的差異。測站清單維持台北、台中、高雄三個示範城市,座標資料定期核對。本次公告為教學情境模擬,內容不代表任何真實機關立場。本站頁尾皆標示教學沙盒身分,提醒使用情境。",2024-05-04
a11,網站效能優化公告,"本公告列表與詳情頁面專供列表轉詳情的爬蟲教學情境使用。本站頁尾皆標示教學沙盒身分,提醒使用情境。測試期間如發現資料顯示異常,可回報課程講師協助排查。近期已完成一批歷史天氣資料的校對與補齊作業。本公告列表與詳情頁面專供列表轉詳情的爬蟲教學情境使用。本站頁尾皆標示教學沙盒身分,提醒使用情境。",2024-12-04
a12,資料來源說明更新,"本站資料庫定期由課程腳本重新產生,學員可放心重複練習。本站為教學示範用途的沙盒氣象站,所有資料僅供課程練習使用。本公告列表與詳情頁面專供列表轉詳情的爬蟲教學情境使用。本站不會出現需要登入或付費才能瀏覽的內容。測站清單維持台北、台中、高雄三個示範城市,座標資料定期核對。近期已針對測站資料表的欄位命名進行文件補充說明。分頁功能已確認每頁固定顯示五十筆資料,方便練習翻頁邏輯。近期已完成一批歷史天氣資料的校對與補齊作業。本次公告為教學情境模擬,內容不代表任何真實機關立場。",2025-03-19
a13,分頁功能調整公告,"本站頁尾皆標示教學沙盒身分,提醒使用情境。測試期間如發現資料顯示異常,可回報課程講師協助排查。近期已針對測站資料表的欄位命名進行文件補充說明。後續仍會持續依課程進度更新沙盒站內容,敬請期待。本次公告為教學情境模擬,內容不代表任何真實機關立場。近期新增之留言資料為程式生成之合成內容,並非真實網友留言。本站資料每次重新產生時皆會保持相同的隨機種子,方便重複驗證。測試期間如發現資料顯示異常,可回報課程講師協助排查。後續仍會持續依課程進度更新沙盒站內容,敬請期待。",2024-11-19
a14,公告版面改版說明,"本站不提供任何真實交易或會員服務,純粹作為程式練習環境。感謝大家共同維護良好的練習風氣,請勿將本站生成之合成資料當作真實言論外流。感謝各位學員在練習過程中提出的寶貴意見與回報。本次資料回補涵蓋 2023 年至 2025 年區間,提供更完整的練習素材。近期已針對測站資料表的欄位命名進行文件補充說明。",2024-11-05
a15,教學課程進度公告,"測試期間如發現資料顯示異常,可回報課程講師協助排查。留言與公告皆屬課程合成資料,僅供分析與爬蟲流程練習。所有公告發布時間皆為課程模擬時間,非即時發布。公告內容由課程講師團隊統一撰寫,供學員練習列表與詳情頁爬取。測試期間如發現資料顯示異常,可回報課程講師協助排查。所有公告發布時間皆為課程模擬時間,非即時發布。本站頁尾皆標示教學沙盒身分,提醒使用情境。",2025-04-14
a16,測站座標校正說明,"若練習過程中遇到頁面錯誤,歡迎截圖回報以利課程改進。本公告列表與詳情頁面專供列表轉詳情的爬蟲教學情境使用。若練習過程中遇到頁面錯誤,歡迎截圖回報以利課程改進。本站所有頁面皆遵守 robots.txt 規範,歡迎依禮貌原則進行爬蟲練習。",2025-09-02
a17,網站瀏覽人數統計,"沙盒站的星等評分僅為 1 至 5 的示範數值,不代表實際服務品質。若練習過程中遇到頁面錯誤,歡迎截圖回報以利課程改進。近期已完成一批歷史天氣資料的校對與補齊作業。本站資料每次重新產生時皆會保持相同的隨機種子,方便重複驗證。若練習過程中遇到頁面錯誤,歡迎截圖回報以利課程改進。本站資料庫定期由課程腳本重新產生,學員可放心重複練習。本次公告為教學情境模擬,內容不代表任何真實機關立場。本站不提供任何真實交易或會員服務,純粹作為程式練習環境。",2025-03-05
a18,資料庫遷移公告,"本站資料庫定期由課程腳本重新產生,學員可放心重複練習。本次版面調整僅涉及顯示排版,資料欄位定義維持不變。本站不會出現需要登入或付費才能瀏覽的內容。若練習過程中遇到頁面錯誤,歡迎截圖回報以利課程改進。本公告列表與詳情頁面專供列表轉詳情的爬蟲教學情境使用。本站不會出現需要登入或付費才能瀏覽的內容。本次公告為教學情境模擬,內容不代表任何真實機關立場。本站資料庫定期由課程腳本重新產生,學員可放心重複練習。分頁功能已確認每頁固定顯示五十筆資料,方便練習翻頁邏輯。感謝大家共同維護良好的練習風氣,請勿將本站生成之合成資料當作真實言論外流。近期新增之留言資料為程式生成之合成內容,並非真實網友留言。",2024-01-04
a19,留言星等說明公告,"所有公告發布時間皆為課程模擬時間,非即時發布。近期已針對測站資料表的欄位命名進行文件補充說明。本站為教學示範用途的沙盒氣象站,所有資料僅供課程練習使用。近期新增之留言資料為程式生成之合成內容,並非真實網友留言。本次資料回補涵蓋 2023 年至 2025 年區間,提供更完整的練習素材。本站不提供任何真實交易或會員服務,純粹作為程式練習環境。留言與公告皆屬課程合成資料,僅供分析與爬蟲流程練習。所有公告發布時間皆為課程模擬時間,非即時發布。",2025-01-20
a20,服務條款更新提醒,"感謝各位學員在練習過程中提出的寶貴意見與回報。留言與公告皆屬課程合成資料,僅供分析與爬蟲流程練習。本次資料回補涵蓋 2023 年至 2025 年區間,提供更完整的練習素材。歷史天氣資料來源為 Open-Meteo 公開歷史氣象 API。本公告列表與詳情頁面專供列表轉詳情的爬蟲教學情境使用。",2024-07-03
a21,網站假期維護公告,"近期已完成一批歷史天氣資料的校對與補齊作業。本站資料每次重新產生時皆會保持相同的隨機種子,方便重複驗證。感謝大家共同維護良好的練習風氣,請勿將本站生成之合成資料當作真實言論外流。感謝各位學員在練習過程中提出的寶貴意見與回報。",2025-10-12
a22,資料回溯期間說明,"測站清單維持台北、台中、高雄三個示範城市,座標資料定期核對。本站為教學示範用途的沙盒氣象站,所有資料僅供課程練習使用。留言功能持續開放,歡迎課程學員實際操作分頁與翻頁測試。本公告列表與詳情頁面專供列表轉詳情的爬蟲教學情境使用。本次資料回補涵蓋 2023 年至 2025 年區間,提供更完整的練習素材。",2025-05-04
a23,系統穩定性報告,"近期新增之留言資料為程式生成之合成內容,並非真實網友留言。後續仍會持續依課程進度更新沙盒站內容,敬請期待。公告內容由課程講師團隊統一撰寫,供學員練習列表與詳情頁爬取。測站清單維持台北、台中、高雄三個示範城市,座標資料定期核對。",2025-07-07
a24,新增歷史資料公告,"本公告列表與詳情頁面專供列表轉詳情的爬蟲教學情境使用。本次資料回補涵蓋 2023 年至 2025 年區間,提供更完整的練習素材。測試期間如發現資料顯示異常,可回報課程講師協助排查。歷史天氣資料來源為 Open-Meteo 公開歷史氣象 API。測站清單維持台北、台中、高雄三個示範城市,座標資料定期核對。",2024-12-19
a25,網站色彩與版面微調,"本站所有頁面皆遵守 robots.txt 規範,歡迎依禮貌原則進行爬蟲練習。系統已針對頁面載入速度進行例行檢查,目前運作正常。後續仍會持續依課程進度更新沙盒站內容,敬請期待。留言功能持續開放,歡迎課程學員實際操作分頁與翻頁測試。沙盒站的星等評分僅為 1 至 5 的示範數值,不代表實際服務品質。",2024-08-12
a26,留言分頁機制說明,"近期新增之留言資料為程式生成之合成內容,並非真實網友留言。本公告列表與詳情頁面專供列表轉詳情的爬蟲教學情境使用。歷史天氣資料來源為 Open-Meteo 公開歷史氣象 API。本站資料每次重新產生時皆會保持相同的隨機種子,方便重複驗證。本次資料回補涵蓋 2023 年至 2025 年區間,提供更完整的練習素材。公告內容由課程講師團隊統一撰寫,供學員練習列表與詳情頁爬取。本次公告亦提醒學員留意合成語料與真實資料的差異。近期新增之留言資料為程式生成之合成內容,並非真實網友留言。",2025-09-13
a27,資料保存政策公告,"近期已針對測站資料表的欄位命名進行文件補充說明。本站資料庫定期由課程腳本重新產生,學員可放心重複練習。本站資料每次重新產生時皆會保持相同的隨機種子,方便重複驗證。本站頁尾皆標示教學沙盒身分,提醒使用情境。近期已針對測站資料表的欄位命名進行文件補充說明。",2024-12-01
a28,沙盒站教學用途重申,"所有公告發布時間皆為課程模擬時間,非即時發布。本站資料庫定期由課程腳本重新產生,學員可放心重複練習。本次版面調整僅涉及顯示排版,資料欄位定義維持不變。本次資料回補涵蓋 2023 年至 2025 年區間,提供更完整的練習素材。",2024-05-12
a29,年度資料彙整公告,"本次資料回補涵蓋 2023 年至 2025 年區間,提供更完整的練習素材。所有公告發布時間皆為課程模擬時間,非即時發布。系統已針對頁面載入速度進行例行檢查,目前運作正常。本次版面調整僅涉及顯示排版,資料欄位定義維持不變。若練習過程中遇到頁面錯誤,歡迎截圖回報以利課程改進。後續仍會持續依課程進度更新沙盒站內容,敬請期待。本站為教學示範用途的沙盒氣象站,所有資料僅供課程練習使用。公告內容由課程講師團隊統一撰寫,供學員練習列表與詳情頁爬取。近期新增之留言資料為程式生成之合成內容,並非真實網友留言。",2024-06-09
a30,感謝使用者參與公告,"感謝各位學員在練習過程中提出的寶貴意見與回報。系統已針對頁面載入速度進行例行檢查,目前運作正常。感謝大家共同維護良好的練習風氣,請勿將本站生成之合成資料當作真實言論外流。本站頁尾皆標示教學沙盒身分,提醒使用情境。本站資料每次重新產生時皆會保持相同的隨機種子,方便重複驗證。留言功能持續開放,歡迎課程學員實際操作分頁與翻頁測試。",2024-04-27
